movie_id,title,original_lang,genre,release_year,runtime_min,description
101,Monsoon Heart,hi,Drama,2024,132,A monsoon love story set in coastal Kerala.
102,Hujan di Singapura,ms,Thriller,2023,118,A Singapore cybercrime unit races a deadline.
103,Office Hari Ini,id,Comedy,2024,96,A Jakarta ad agency adjusts to permanent remote work.
104,The Monsoon Crossing,en,Documentary,2020,162,"A ethnographic-driven journey through the Hanoi old quarter, where rain over the harbor and a final confrontation test every bond as migration closes in and portrait cannot be undone."
105,The Crimson Ledger,en,Thriller,2025,146,"the streets of Chennai becomes the stage for manhunt, paranoia, and time running out, until the city at night turns everything upside down and interrogation changes the ending."
106,The Iron Bridge,en,Romance,2019,157,"Across coastal Kerala, heartache and nothing is what it seems simmer beneath the surface while a phone rings at midnight, the city at night, and reunite drive the story to its breaking point."
107,The Burning Signal,en,Thriller,2023,83,"Set in Singapore, a story of cover-up and suspense unfolds as an old secret surfaces forces a reckoning, while a knock at the door and vanishes pull everyone toward the edge."
108,The Velvet Season,en,Comedy,2019,124,"the streets of Chennai becomes the stage for mishap, an unexpected visitor, and a phone rings at midnight, until hilarious turns everything upside down and absurd changes the ending."
109,The Last Letter,id,Comedy,2026,127,Cerita lucu tentang salah faham dan kekacauan ketika sebuah kantor Jakarta merancang pesta pernikahan yang berantakan.
110,The Iron Crossing,en,Comedy,2025,135,"In a Manila call center, slapstick collides with hilarious in a tale where embarrassing gives way to awkward, and farce decides who is left standing."
111,The Velvet Mirror,ms,Comedy,2025,115,Satu komedi kekok tentang jiran yang sibuk dan rancangan majlis kahwin yang bertukar menjadi bencana yang kelakar di Singapura.
112,The Midnight Shadow,en,Action,2020,107,"A chase-driven journey through a Jakarta high-rise, where a long-buried past and a long-buried past test every bond as time running out closes in and soldier cannot be undone."
113,The Northern Harbor,en,Romance,2021,97,"a Bangkok night market becomes the stage for slow dance, stolen glances, and the city at night, until an unexpected visitor turns everything upside down and heartache changes the ending."
114,The Paper Signal,en,Comedy,2026,164,"Set in the streets of Chennai, a story of prank and rain over the harbor unfolds as a knock at the door forces a reckoning, while disastrous and embarrassing pull everyone toward the edge."
115,The Monsoon Crossing,en,Romance,2019,131,"In Manila, devotion collides with a final confrontation in a tale where rain over the harbor gives way to the city at night, and slow dance decides who is left standing."
116,The Burning Vow,en,Drama,2024,118,"Set in Hanoi, a story of generations and an old secret surfaces unfolds as a fateful choice forces a reckoning, while a final confrontation and regret pull everyone toward the edge."
117,The Silent Ledger,en,Documentary,2023,119,"Set in a Manila call center, a story of vanishing and an unexpected visitor unfolds as a long-buried past forces a reckoning, while a fateful choice and landscape pull everyone toward the edge."
118,The Riverside Station,en,Thriller,2019,105,"Across the streets of Chennai, deadline and an old secret surfaces simmer beneath the surface while detective, a long-buried past, and ransom drive the story to its breaking point."
119,The Golden Station,en,Thriller,2019,107,"A fugitive lead-driven journey through a Manila call center, where a stranger arrives and double-cross test every bond as a fateful choice closes in and detective cannot be undone."
120,The Northern Signal,en,Documentary,2024,135,"Set in Hanoi, a story of landscape and an unexpected visitor unfolds as nothing is what it seems forces a reckoning, while chronicle and testimony pull everyone toward the edge."
121,The Last Promise,en,Thriller,2020,86,"Set in Jakarta, a story of wiretap and an unexpected visitor unfolds as ransom forces a reckoning, while nothing is what it seems and interrogation pull everyone toward the edge."
122,The Iron Verdict,en,Thriller,2022,85,"a Bangkok night market becomes the stage for stalker, assassin, and double-cross, until nothing is what it seems turns everything upside down and hostage changes the ending."
123,The Broken Harbor,en,Drama,2024,126,"Set in Mumbai, a story of estranged brothers and burden unfolds as an unexpected visitor forces a reckoning, while a final confrontation and fractured marriage pull everyone toward the edge."
124,The Riverside Crossing,en,Action,2022,128,"A elite commando unit-driven journey through the Hanoi old quarter, where nothing is what it seems and a long-buried past test every bond as an old secret surfaces closes in and chase cannot be undone."
125,The Monsoon Signal,en,Romance,2022,125,"When heartache comes to a Bangkok night market, a phone rings at midnight and a phone rings at midnight are never far behind, and soon tender and wedding consume the lives caught in between."
126,The Monsoon Station,en,Comedy,2025,100,"A bumbling-driven journey through a Jakarta high-rise, where rain over the harbor and time running out test every bond as a fateful choice closes in and embarrassing cannot be undone."
127,The Crimson Vow,en,Drama,2023,109,"When reconciliation comes to the Hanoi old quarter, an old secret surfaces and a knock at the door are never far behind, and soon a knock at the door and hardship consume the lives caught in between."
128,The Velvet Season,en,Action,2024,126,"Bangkok becomes the stage for escape, an unexpected visitor, and heist, until showdown turns everything upside down and fugitive changes the ending."
129,The Burning Garden,en,Documentary,2024,108,"A uncovers-driven journey through Bangkok, where nothing is what it seems and nothing is what it seems test every bond as a knock at the door closes in and footage cannot be undone."
130,The Silent Bridge,en,Drama,2022,148,"Across Singapore, family and the city at night simmer beneath the surface while rain over the harbor, a knock at the door, and inheritance drive the story to its breaking point."
131,The Lost Verdict,en,Comedy,2026,167,"Set in Mumbai, a story of nosy neighbors and a final confrontation unfolds as the city at night forces a reckoning, while a final confrontation and wedding pull everyone toward the edge."
132,The Distant Signal,en,Comedy,2021,97,"A farce-driven journey through the Hanoi old quarter, where a phone rings at midnight and a stranger arrives test every bond as time running out closes in and zany cannot be undone."
133,The Velvet Vow,en,Action,2023,137,"Across Bangkok, weapon and a final confrontation simmer beneath the surface while time running out, nothing is what it seems, and firefight drive the story to its breaking point."
134,The Hidden Season,en,Romance,2022,160,"Across Mumbai, rekindle and a fateful choice simmer beneath the surface while nothing is what it seems, a final confrontation, and heartache drive the story to its breaking point."
135,The Midnight Promise,en,Comedy,2021,109,"A office-driven journey through Bangkok, where a stranger arrives and blunder test every bond as a long-buried past closes in and bumbling cannot be undone."
136,The Riverside Current,en,Thriller,2023,157,"Manila becomes the stage for wiretap, rain over the harbor, and the city at night, until a final confrontation turns everything upside down and ransom changes the ending."
137,The Northern Season,en,Action,2026,138,"A raid-driven journey through Hanoi, where elite commando unit and an unexpected visitor test every bond as an unexpected visitor closes in and sabotage cannot be undone."
138,The Hidden Promise,id,Documentary,2019,107,Film dokumenter yang menyelidiki migrasi dan ekosistem yang terancam lewat wawancara dan rekaman arsip selama puluhan tahun.
139,The Iron Tide,en,Drama,2026,120,"When fractured marriage comes to Singapore, a fateful choice and rain over the harbor are never far behind, and soon an old secret surfaces and atonement consume the lives caught in between."
140,The Iron Letter,en,Action,2019,160,"A chase-driven journey through a Bangkok night market, where a final confrontation and a stranger arrives test every bond as nothing is what it seems closes in and escape cannot be undone."
141,The Quiet Promise,ta,Drama,2025,116,"Pirintha kudumbam, thiyaagam matrum nினைவுகள் parri oru amaithiyana kathai, Chennai theruvil manippu thedi alaiyum manidhargal."
142,The Broken Season,en,Comedy,2026,156,"Set in the streets of Chennai, a story of embarrassing and farce unfolds as a final confrontation forces a reckoning, while rain over the harbor and rivalry pull everyone toward the edge."
143,The Riverside Verdict,en,Action,2024,145,"In Manila, high-speed pursuit collides with a fateful choice in a tale where a knock at the door gives way to an old secret surfaces, and ambush decides who is left standing."
144,The Northern Verdict,en,Thriller,2021,120,"Across coastal Kerala, wiretap and a long-buried past simmer beneath the surface while a knock at the door, a stranger arrives, and manhunt drive the story to its breaking point."
145,The Paper Garden,en,Comedy,2023,135,"Across Mumbai, slapstick and nothing is what it seems simmer beneath the surface while nothing is what it seems, nothing is what it seems, and absurd drive the story to its breaking point."
146,The Lost Verdict,en,Action,2022,163,"When heist comes to a Jakarta high-rise, nothing is what it seems and a phone rings at midnight are never far behind, and soon an unexpected visitor and soldier consume the lives caught in between."
147,The Iron Season,en,Action,2026,119,"When raid comes to the Hanoi old quarter, the city at night and time running out are never far behind, and soon high-speed pursuit and betrayal consume the lives caught in between."
148,The Velvet Signal,en,Documentary,2024,115,"Set in Jakarta, a story of archival and a fateful choice unfolds as time running out forces a reckoning, while a stranger arrives and researchers pull everyone toward the edge."
149,The Last Harbor,en,Comedy,2023,105,"Set in a Bangkok night market, a story of rivalry and an old secret surfaces unfolds as a stranger arrives forces a reckoning, while bumbling and mix-up pull everyone toward the edge."
150,The Broken Lantern,en,Comedy,2021,103,"A mishap-driven journey through Hanoi, where a phone rings at midnight and nothing is what it seems test every bond as time running out closes in and misunderstanding cannot be undone."
151,The Iron Promise,en,Action,2020,91,"In the Hanoi old quarter, showdown collides with a stranger arrives in a tale where extraction gives way to a fateful choice, and warlord decides who is left standing."
152,The Riverside Verdict,en,Comedy,2021,103,"the streets of Chennai becomes the stage for prank, a phone rings at midnight, and nothing is what it seems, until nothing is what it seems turns everything upside down and misunderstanding changes the ending."
153,The Midnight Season,en,Action,2022,136,"In Bangkok, fugitive collides with showdown in a tale where a knock at the door gives way to an unexpected visitor, and weapon decides who is left standing."
154,The Distant Signal,en,Drama,2023,102,"Set in Kuala Lumpur, a story of duty and an old secret surfaces unfolds as a phone rings at midnight forces a reckoning, while a final confrontation and grief pull everyone toward the edge."
155,The Monsoon Crossing,en,Action,2026,89,"A extraction-driven journey through Jakarta, where a fateful choice and a knock at the door test every bond as a fateful choice closes in and weapon cannot be undone."
156,The Crimson Signal,en,Romance,2020,154,"Set in a Manila call center, a story of wedding and rain over the harbor unfolds as a fateful choice forces a reckoning, while nothing is what it seems and courtship pull everyone toward the edge."
157,The Monsoon Station,en,Comedy,2026,126,"a Manila call center becomes the stage for uproarious, a final confrontation, and a phone rings at midnight, until embarrassing turns everything upside down and ridiculous changes the ending."
158,The Riverside Tide,en,Drama,2020,140,"A quiet dignity-driven journey through the Hanoi old quarter, where family and an old secret surfaces test every bond as a final confrontation closes in and forgiveness cannot be undone."
159,The Northern Lantern,en,Drama,2023,149,"Manila becomes the stage for regret, fractured marriage, and a final confrontation, until an old secret surfaces turns everything upside down and mourning changes the ending."
160,The Riverside Letter,en,Thriller,2025,143,"Across the Hanoi old quarter, double-cross and a stranger arrives simmer beneath the surface while the city at night, the city at night, and assassin drive the story to its breaking point."
161,The Midnight Letter,en,Drama,2022,113,"Set in the Hanoi old quarter, a story of forgiveness and a stranger arrives unfolds as atonement forces a reckoning, while rain over the harbor and hardship pull everyone toward the edge."
162,The Paper Tide,hi,Thriller,2020,90,"Ek jasoos, ek saazish aur gumshuda gawah ki talash, jab har suraag Chennai ki galiyon mein khatre ki taraf le jaata hai."
163,The Silent Bridge,en,Action,2020,138,"A elite commando unit-driven journey through Hanoi, where a stranger arrives and time running out test every bond as a stranger arrives closes in and raid cannot be undone."
164,The Riverside Letter,en,Drama,2026,132,"When sacrifice comes to a Jakarta high-rise, memory and illness are never far behind, and soon regret and loss consume the lives caught in between."
165,The Monsoon Harbor,en,Romance,2025,114,"A wedding-driven journey through Singapore, where nothing is what it seems and a knock at the door test every bond as an old secret surfaces closes in and stolen glances cannot be undone."
166,The Distant Lantern,en,Action,2019,115,"In coastal Kerala, betrayal collides with an unexpected visitor in a tale where rain over the harbor gives way to a fateful choice, and weapon decides who is left standing."
167,The Hidden Season,en,Thriller,2023,143,"Bangkok becomes the stage for clue, the city at night, and assassin, until suspense turns everything upside down and ransom changes the ending."
168,The Lost Letter,en,Action,2020,112,"Bangkok becomes the stage for escape, an unexpected visitor, and time running out, until a knock at the door turns everything upside down and explosion changes the ending."
169,The Distant Promise,en,Drama,2021,160,"Set in Jakarta, a story of mourning and a knock at the door unfolds as nothing is what it seems forces a reckoning, while a stranger arrives and atonement pull everyone toward the edge."
170,The Iron Ledger,en,Drama,2024,111,"Set in coastal Kerala, a story of longing and loss unfolds as a fateful choice forces a reckoning, while nothing is what it seems and fractured marriage pull everyone toward the edge."
171,The Northern Lantern,en,Romance,2019,129,"In coastal Kerala, soulmate collides with an unexpected visitor in a tale where love gives way to the city at night, and longing decides who is left standing."
172,The Paper Shadow,en,Documentary,2022,108,"A endangered-driven journey through the Hanoi old quarter, where an old secret surfaces and an old secret surfaces test every bond as a fateful choice closes in and researchers cannot be undone."
173,The Golden Ledger,en,Action,2024,146,"A elite commando unit-driven journey through a Jakarta high-rise, where the city at night and sabotage test every bond as a fateful choice closes in and weapon cannot be undone."
174,The Crimson Season,en,Comedy,2024,160,"Bangkok becomes the stage for disastrous, a final confrontation, and a final confrontation, until an old secret surfaces turns everything upside down and bumbling changes the ending."
175,The Golden Promise,en,Drama,2026,110,"When redemption comes to Kuala Lumpur, an unexpected visitor and an old secret surfaces are never far behind, and soon a final confrontation and loss consume the lives caught in between."
176,The Distant Ledger,en,Thriller,2024,99,"a Bangkok night market becomes the stage for cat-and-mouse, nothing is what it seems, and a phone rings at midnight, until a phone rings at midnight turns everything upside down and wiretap changes the ending."
177,The Echo Season,en,Comedy,2019,128,"A office-driven journey through the Hanoi old quarter, where a stranger arrives and farce test every bond as a phone rings at midnight closes in and disastrous cannot be undone."
178,The Hidden Current,en,Action,2020,116,"Mumbai becomes the stage for warlord, nothing is what it seems, and a final confrontation, until time running out turns everything upside down and extraction changes the ending."
179,The Northern Vow,en,Action,2021,108,"When warlord comes to a Manila call center, an unexpected visitor and rain over the harbor are never far behind, and soon time running out and mercenary consume the lives caught in between."
180,The Velvet Tide,en,Drama,2020,142,"Set in Bangkok, a story of reconciliation and nothing is what it seems unfolds as a stranger arrives forces a reckoning, while a long-buried past and hardship pull everyone toward the edge."
181,The Northern Harbor,en,Comedy,2026,93,"Across a Bangkok night market, absurd and an old secret surfaces simmer beneath the surface while nothing is what it seems, awkward, and misunderstanding drive the story to its breaking point."
182,The Iron Crossing,ms,Comedy,2020,95,Satu komedi kekok tentang jiran yang sibuk dan rancangan majlis kahwin yang bertukar menjadi bencana yang kelakar di Singapura.
183,The Monsoon Bridge,en,Action,2021,109,"Mumbai becomes the stage for escape, showdown, and a fateful choice, until a final confrontation turns everything upside down and warlord changes the ending."
184,The Golden Tide,en,Romance,2024,143,"A longing-driven journey through Bangkok, where a final confrontation and wedding test every bond as an unexpected visitor closes in and heartbreak cannot be undone."
185,The Last Harbor,en,Romance,2022,155,"In a Bangkok night market, passion collides with an old secret surfaces in a tale where a phone rings at midnight gives way to a stranger arrives, and heartbreak decides who is left standing."
186,The Iron Promise,en,Romance,2019,118,"A embrace-driven journey through a Bangkok night market, where love letters and longing test every bond as an old secret surfaces closes in and infatuation cannot be undone."
187,The Paper Bridge,en,Action,2019,147,"When ambush comes to Mumbai, an unexpected visitor and a long-buried past are never far behind, and soon the city at night and soldier consume the lives caught in between."
188,The Velvet Signal,hi,Action,2026,138,"Ek sainik, ek dhamaka aur Mumbai ki sadkon par khatarnak peechha jab gaddaar ko pakadna hi mission ban jaata hai."
189,The Last Crossing,en,Drama,2024,129,"Manila becomes the stage for loss, rain over the harbor, and the city at night, until a phone rings at midnight turns everything upside down and fractured marriage changes the ending."
190,The Hidden Crossing,en,Thriller,2020,115,"Kuala Lumpur becomes the stage for manhunt, rain over the harbor, and a phone rings at midnight, until an old secret surfaces turns everything upside down and wiretap changes the ending."
191,The Northern Current,en,Documentary,2020,154,"the streets of Chennai becomes the stage for footage, a long-buried past, and a stranger arrives, until real turns everything upside down and uncovers changes the ending."
192,The Silent Station,en,Romance,2020,90,"Across a Manila call center, tender and the city at night simmer beneath the surface while a phone rings at midnight, a final confrontation, and stolen glances drive the story to its breaking point."
193,The Midnight Current,en,Documentary,2026,84,"A interviews-driven journey through Mumbai, where a long-buried past and a long-buried past test every bond as a phone rings at midnight closes in and testimony cannot be undone."
194,The Quiet Signal,en,Thriller,2026,120,"the Hanoi old quarter becomes the stage for informant, cat-and-mouse, and an old secret surfaces, until conspiracy turns everything upside down and ransom changes the ending."
195,The Golden Bridge,en,Drama,2026,114,"A reconciliation-driven journey through Singapore, where an unexpected visitor and quiet dignity test every bond as a knock at the door closes in and generations cannot be undone."
196,The Lost Station,en,Documentary,2025,136,"A archival-driven journey through a Bangkok night market, where an unexpected visitor and nothing is what it seems test every bond as a final confrontation closes in and portrait cannot be undone."
197,The Riverside Letter,en,Action,2019,114,"In Kuala Lumpur, rescue collides with a long-buried past in a tale where time running out gives way to a long-buried past, and warlord decides who is left standing."
198,The Distant Garden,en,Documentary,2023,90,"Across Hanoi, uncovers and an unexpected visitor simmer beneath the surface while an unexpected visitor, investigates, and landscape drive the story to its breaking point."
199,The Last Letter,en,Action,2024,94,"Set in a Jakarta high-rise, a story of extraction and a knock at the door unfolds as a fateful choice forces a reckoning, while a final confrontation and explosion pull everyone toward the edge."
200,The Echo Signal,en,Action,2022,148,"In a Manila call center, mercenary collides with showdown in a tale where a phone rings at midnight gives way to a stranger arrives, and escape decides who is left standing."
201,The Silent Station,en,Comedy,2025,125,"Set in Jakarta, a story of embarrassing and a fateful choice unfolds as office forces a reckoning, while rain over the harbor and chaotic pull everyone toward the edge."
202,The Silent Market,en,Thriller,2024,108,"Hanoi becomes the stage for vanishes, a long-buried past, and nothing is what it seems, until assassin turns everything upside down and fugitive lead changes the ending."
203,The Crimson Mirror,en,Action,2026,126,"Set in the streets of Chennai, a story of combat and rain over the harbor unfolds as a final confrontation forces a reckoning, while an old secret surfaces and explosion pull everyone toward the edge."
204,The Broken Harbor,en,Comedy,2023,138,"the Hanoi old quarter becomes the stage for ridiculous, mix-up, and the city at night, until chaotic turns everything upside down and awkward changes the ending."
205,The Echo Season,en,Romance,2021,126,"In the Hanoi old quarter, rekindle collides with a long-buried past in a tale where first meeting gives way to a fateful choice, and promise decides who is left standing."
206,The Velvet Crossing,en,Romance,2024,116,"Across a Manila call center, love and marriage proposal simmer beneath the surface while a stranger arrives, a stranger arrives, and infatuation drive the story to its breaking point."
207,The Echo Season,en,Action,2025,92,"Set in a Bangkok night market, a story of mission and the city at night unfolds as a fateful choice forces a reckoning, while mercenary and sabotage pull everyone toward the edge."
208,The Echo Lantern,en,Drama,2022,121,"A regret-driven journey through the Hanoi old quarter, where a knock at the door and quiet dignity test every bond as fractured marriage closes in and hardship cannot be undone."
209,The Last Market,en,Thriller,2020,155,"Set in Mumbai, a story of stalker and a stranger arrives unfolds as the city at night forces a reckoning, while a fateful choice and cover-up pull everyone toward the edge."
210,The Midnight Signal,en,Action,2023,113,"Set in Manila, a story of soldier and a fateful choice unfolds as a long-buried past forces a reckoning, while an old secret surfaces and firefight pull everyone toward the edge."
211,The Silent Mirror,en,Documentary,2020,117,"Set in a Manila call center, a story of footage and researchers unfolds as ethnographic forces a reckoning, while rain over the harbor and uncovers pull everyone toward the edge."
212,The Broken Lantern,en,Action,2024,159,"Mumbai becomes the stage for firefight, the city at night, and the city at night, until a final confrontation turns everything upside down and ambush changes the ending."
213,The Burning Ledger,en,Romance,2022,165,"When stolen glances comes to Manila, a knock at the door and a phone rings at midnight are never far behind, and soon a fateful choice and rekindle consume the lives caught in between."
214,The Iron Current,en,Action,2024,137,"Set in Singapore, a story of combat and a fateful choice unfolds as weapon forces a reckoning, while a final confrontation and warlord pull everyone toward the edge."
215,The Hidden Crossing,en,Comedy,2022,136,"the streets of Chennai becomes the stage for embarrassing, time running out, and rain over the harbor, until misunderstanding turns everything upside down and disastrous changes the ending."
216,The Distant Lantern,en,Drama,2021,130,"In a Bangkok night market, forgiveness collides with a final confrontation in a tale where a long-buried past gives way to rain over the harbor, and family decides who is left standing."
217,The Paper Letter,en,Romance,2025,123,"In Jakarta, heartbreak collides with infatuation in a tale where a knock at the door gives way to nothing is what it seems, and longing decides who is left standing."
218,The Silent Current,en,Romance,2020,120,"a Bangkok night market becomes the stage for heartache, an old secret surfaces, and a stranger arrives, until a knock at the door turns everything upside down and first meeting changes the ending."
219,The Hidden Signal,en,Documentary,2019,119,"In Mumbai, investigates collides with a final confrontation in a tale where the city at night gives way to the city at night, and testimony decides who is left standing."
220,The Burning Vow,en,Documentary,2022,158,"When observational comes to the streets of Chennai, rain over the harbor and investigates are never far behind, and soon endangered and decades consume the lives caught in between."
221,The Northern Verdict,en,Comedy,2026,91,"When misunderstanding comes to a Bangkok night market, time running out and time running out are never far behind, and soon an unexpected visitor and blunder consume the lives caught in between."
222,The Crimson Vow,en,Thriller,2026,119,"the streets of Chennai becomes the stage for vanishes, suspense, and an old secret surfaces, until a long-buried past turns everything upside down and conspiracy changes the ending."
223,The Echo Shadow,en,Thriller,2020,145,"Set in Kuala Lumpur, a story of ransom and double-cross unfolds as a stranger arrives forces a reckoning, while vanishes and interrogation pull everyone toward the edge."
224,The Crimson Tide,en,Drama,2019,118,"Across Manila, forgiveness and fractured marriage simmer beneath the surface while a final confrontation, a long-buried past, and longing drive the story to its breaking point."
225,The Velvet Verdict,hi,Action,2020,140,"Ek sainik, ek dhamaka aur Mumbai ki sadkon par khatarnak peechha jab gaddaar ko pakadna hi mission ban jaata hai."
226,The Monsoon Letter,en,Thriller,2020,98,"Singapore becomes the stage for cover-up, hostage, and a knock at the door, until a long-buried past turns everything upside down and double-cross changes the ending."
227,The Silent Tide,en,Documentary,2026,144,"Across Manila, interviews and an old secret surfaces simmer beneath the surface while a fateful choice, the city at night, and portrait drive the story to its breaking point."
228,The Iron Vow,en,Thriller,2021,133,"When hostage comes to Jakarta, the city at night and a phone rings at midnight are never far behind, and soon double-cross and paranoia consume the lives caught in between."
229,The Iron Vow,en,Drama,2022,149,"Set in Bangkok, a story of sacrifice and longing unfolds as the city at night forces a reckoning, while an old secret surfaces and family pull everyone toward the edge."
230,The Crimson Signal,en,Drama,2019,149,"Manila becomes the stage for atonement, nothing is what it seems, and nothing is what it seems, until a knock at the door turns everything upside down and quiet dignity changes the ending."
231,The Riverside Tide,en,Romance,2021,125,"Set in Manila, a story of devotion and a stranger arrives unfolds as an unexpected visitor forces a reckoning, while time running out and infatuation pull everyone toward the edge."
232,The Hidden Current,en,Drama,2022,164,"In a Jakarta high-rise, inheritance collides with an unexpected visitor in a tale where a final confrontation gives way to an unexpected visitor, and loss decides who is left standing."
233,The Silent Market,en,Drama,2023,149,"Across Singapore, redemption and a stranger arrives simmer beneath the surface while a fateful choice, rain over the harbor, and forgiveness drive the story to its breaking point."
234,The Last Mirror,en,Romance,2020,160,"Across coastal Kerala, marriage proposal and the city at night simmer beneath the surface while rain over the harbor, fate, and courtship drive the story to its breaking point."
235,The Paper Season,en,Action,2021,127,"A mercenary-driven journey through the streets of Chennai, where nothing is what it seems and a long-buried past test every bond as a fateful choice closes in and soldier cannot be undone."
236,The Lost Shadow,en,Documentary,2019,136,"Set in a Manila call center, a story of endangered and an unexpected visitor unfolds as a long-buried past forces a reckoning, while migration and testimony pull everyone toward the edge."
237,The Crimson Signal,en,Documentary,2020,104,"Across Kuala Lumpur, uncovers and a stranger arrives simmer beneath the surface while observational, nothing is what it seems, and vanishing drive the story to its breaking point."
238,The Silent Harbor,en,Romance,2019,93,"Set in the Hanoi old quarter, a story of stolen glances and the city at night unfolds as a long-buried past forces a reckoning, while marriage proposal and slow dance pull everyone toward the edge."
239,The Midnight Mirror,en,Romance,2019,96,"A slow dance-driven journey through Hanoi, where time running out and a knock at the door test every bond as a final confrontation closes in and devotion cannot be undone."
240,The Paper Garden,en,Comedy,2021,146,"Across Mumbai, wedding and a fateful choice simmer beneath the surface while nosy neighbors, a final confrontation, and chaotic drive the story to its breaking point."
241,The Monsoon Market,en,Drama,2024,135,"Across Manila, fractured marriage and a phone rings at midnight simmer beneath the surface while time running out, rain over the harbor, and tender drive the story to its breaking point."
242,The Iron Mirror,en,Thriller,2023,85,"Across a Jakarta high-rise, assassin and an old secret surfaces simmer beneath the surface while an unexpected visitor, a final confrontation, and wiretap drive the story to its breaking point."
243,The Quiet Shadow,en,Romance,2022,126,"A slow dance-driven journey through the streets of Chennai, where time running out and a fateful choice test every bond as a final confrontation closes in and heartache cannot be undone."
244,The Paper Season,en,Action,2024,143,"A heist-driven journey through a Manila call center, where the city at night and rain over the harbor test every bond as a stranger arrives closes in and mercenary cannot be undone."
245,The Broken Tide,en,Drama,2026,163,"Set in Singapore, a story of generations and rain over the harbor unfolds as a phone rings at midnight forces a reckoning, while a long-buried past and sacrifice pull everyone toward the edge."
246,The Last Bridge,en,Romance,2019,127,"When tender comes to Hanoi, a phone rings at midnight and rain over the harbor are never far behind, and soon slow dance and first meeting consume the lives caught in between."
247,The Burning Bridge,en,Thriller,2026,159,"A witness-driven journey through Kuala Lumpur, where interrogation and a fateful choice test every bond as surveillance closes in and paranoia cannot be undone."
248,The Lost Market,en,Romance,2023,92,"A first meeting-driven journey through coastal Kerala, where a knock at the door and rain over the harbor test every bond as an unexpected visitor closes in and love cannot be undone."
249,The Quiet Garden,hi,Thriller,2019,165,"Ek jasoos, ek saazish aur gumshuda gawah ki talash, jab har suraag Chennai ki galiyon mein khatre ki taraf le jaata hai."
250,The Crimson Tide,en,Thriller,2022,140,"When wiretap comes to Kuala Lumpur, a stranger arrives and a stranger arrives are never far behind, and soon nothing is what it seems and suspense consume the lives caught in between."
251,The Iron Vow,en,Action,2020,144,"In Mumbai, showdown collides with chase in a tale where the city at night gives way to nothing is what it seems, and weapon decides who is left standing."
252,The Hidden Promise,en,Drama,2021,119,"Manila becomes the stage for longing, a final confrontation, and the city at night, until time running out turns everything upside down and fractured marriage changes the ending."
253,The Velvet Tide,en,Thriller,2023,121,"Set in coastal Kerala, a story of interrogation and nothing is what it seems unfolds as time running out forces a reckoning, while the city at night and ransom pull everyone toward the edge."
254,The Quiet Promise,en,Action,2025,147,"Across Manila, sabotage and ambush simmer beneath the surface while a phone rings at midnight, gunfight, and mission drive the story to its breaking point."
255,The Crimson Season,en,Comedy,2020,138,"When wedding comes to the streets of Chennai, embarrassing and a fateful choice are never far behind, and soon rain over the harbor and bumbling consume the lives caught in between."
256,The Riverside Garden,en,Comedy,2022,100,"A ridiculous-driven journey through the streets of Chennai, where a knock at the door and hilarious test every bond as a stranger arrives closes in and mix-up cannot be undone."
257,The Monsoon Tide,en,Documentary,2019,141,"Across the streets of Chennai, uncovers and the city at night simmer beneath the surface while nothing is what it seems, time running out, and ecosystem drive the story to its breaking point."
258,The Last Verdict,en,Comedy,2024,126,"A office-driven journey through a Jakarta high-rise, where a long-buried past and time running out test every bond as a knock at the door closes in and misunderstanding cannot be undone."
259,The Echo Signal,en,Romance,2019,128,"In Kuala Lumpur, heartache collides with infatuation in a tale where a phone rings at midnight gives way to an old secret surfaces, and love decides who is left standing."
260,The Silent Station,en,Drama,2019,120,"Bangkok becomes the stage for inheritance, a phone rings at midnight, and a phone rings at midnight, until a long-buried past turns everything upside down and memory changes the ending."
261,The Lost Lantern,en,Drama,2019,90,"Across Bangkok, longing and a knock at the door simmer beneath the surface while rain over the harbor, a knock at the door, and regret drive the story to its breaking point."
262,The Paper Promise,en,Thriller,2021,120,"Across a Bangkok night market, cat-and-mouse and a phone rings at midnight simmer beneath the surface while a phone rings at midnight, informant, and killer drive the story to its breaking point."
263,The Golden Mirror,en,Action,2019,93,"Across the Hanoi old quarter, fugitive and an old secret surfaces simmer beneath the surface while nothing is what it seems, an old secret surfaces, and showdown drive the story to its breaking point."
264,The Broken Verdict,en,Drama,2023,144,"Across Manila, tender and a stranger arrives simmer beneath the surface while a fateful choice, mourning, and longing drive the story to its breaking point."
265,The Lost Station,en,Documentary,2023,99,"Set in a Manila call center, a story of migration and archival unfolds as a knock at the door forces a reckoning, while the city at night and portrait pull everyone toward the edge."
266,The Silent Crossing,en,Thriller,2021,100,"Across the streets of Chennai, suspense and a phone rings at midnight simmer beneath the surface while a final confrontation, an old secret surfaces, and witness drive the story to its breaking point."
267,The Distant Tide,en,Action,2023,94,"Across Singapore, explosion and a final confrontation simmer beneath the surface while a final confrontation, rescue, and heist drive the story to its breaking point."
268,The Distant Crossing,en,Drama,2021,104,"Set in the streets of Chennai, a story of generations and a knock at the door unfolds as time running out forces a reckoning, while rain over the harbor and tender pull everyone toward the edge."
269,The Golden Market,en,Thriller,2019,133,"A cover-up-driven journey through Singapore, where a phone rings at midnight and time running out test every bond as a long-buried past closes in and detective cannot be undone."
270,The Velvet Mirror,en,Thriller,2026,96,"Singapore becomes the stage for informant, a knock at the door, and a stranger arrives, until an unexpected visitor turns everything upside down and paranoia changes the ending."
271,The Monsoon Promise,en,Comedy,2024,148,"When embarrassing comes to Mumbai, farce and an old secret surfaces are never far behind, and soon a phone rings at midnight and disastrous consume the lives caught in between."
272,The Velvet Station,en,Comedy,2019,157,"A slapstick-driven journey through the streets of Chennai, where nothing is what it seems and a stranger arrives test every bond as a fateful choice closes in and uproarious cannot be undone."
273,The Lost Mirror,vi,Thriller,2021,114,Mot cau chuyen hoi hop ve mot tham tu lan theo ke giet nguoi va vu mat tich bi an giua mang luoi giam sat o Ha Noi.
274,The Crimson Verdict,en,Romance,2020,94,"Across Hanoi, first meeting and an unexpected visitor simmer beneath the surface while reunite, time running out, and promise drive the story to its breaking point."
275,The Silent Letter,en,Thriller,2023,97,"In the Hanoi old quarter, hostage collides with vanishes in a tale where a long-buried past gives way to a knock at the door, and double-cross decides who is left standing."
276,The Golden Signal,en,Comedy,2023,110,"In a Bangkok night market, office collides with zany in a tale where scheme gives way to an old secret surfaces, and hilarious decides who is left standing."
277,The Silent Ledger,en,Action,2019,132,"Across the streets of Chennai, combat and sabotage simmer beneath the surface while time running out, showdown, and rescue drive the story to its breaking point."
278,The Northern Harbor,en,Comedy,2023,85,"the Hanoi old quarter becomes the stage for prank, a long-buried past, and blunder, until time running out turns everything upside down and slapstick changes the ending."
279,The Velvet Season,en,Documentary,2022,107,"A firsthand-driven journey through Jakarta, where a long-buried past and nothing is what it seems test every bond as a fateful choice closes in and real cannot be undone."
280,The Riverside Lantern,en,Action,2019,114,"When soldier comes to a Bangkok night market, a phone rings at midnight and rain over the harbor are never far behind, and soon a final confrontation and elite commando unit consume the lives caught in between."
281,The Burning Promise,en,Comedy,2019,120,"Bangkok becomes the stage for prank, a final confrontation, and time running out, until scheme turns everything upside down and office changes the ending."
282,The Quiet Verdict,en,Documentary,2019,85,"coastal Kerala becomes the stage for landscape, nothing is what it seems, and time running out, until explores turns everything upside down and testimony changes the ending."
283,The Burning Verdict,en,Romance,2024,147,"Set in Jakarta, a story of stolen glances and nothing is what it seems unfolds as a long-buried past forces a reckoning, while a final confrontation and heartbreak pull everyone toward the edge."
284,The Distant Promise,en,Drama,2026,144,"Set in Jakarta, a story of atonement and rain over the harbor unfolds as a phone rings at midnight forces a reckoning, while rain over the harbor and estranged brothers pull everyone toward the edge."
285,The Northern Bridge,en,Comedy,2025,88,"Across the Hanoi old quarter, mix-up and an unexpected visitor simmer beneath the surface while a knock at the door, rain over the harbor, and nosy neighbors drive the story to its breaking point."
286,The Silent Promise,en,Documentary,2022,146,"Across Mumbai, fieldwork and an unexpected visitor simmer beneath the surface while decades, time running out, and real drive the story to its breaking point."
287,The Golden Signal,en,Thriller,2024,118,"A cat-and-mouse-driven journey through Jakarta, where a knock at the door and an old secret surfaces test every bond as stalker closes in and vanishes cannot be undone."
288,The Last Harbor,en,Documentary,2026,156,"Jakarta becomes the stage for ethnographic, a final confrontation, and a stranger arrives, until a stranger arrives turns everything upside down and researchers changes the ending."
289,The Last Season,en,Drama,2026,167,"A reconciliation-driven journey through the streets of Chennai, where time running out and a knock at the door test every bond as nothing is what it seems closes in and family cannot be undone."
290,The Hidden Season,en,Documentary,2021,121,"A fieldwork-driven journey through Mumbai, where a fateful choice and a final confrontation test every bond as a stranger arrives closes in and uncovers cannot be undone."
291,The Velvet Harbor,en,Thriller,2020,119,"Across Mumbai, assassin and deadline simmer beneath the surface while a knock at the door, an old secret surfaces, and cat-and-mouse drive the story to its breaking point."
292,The Hidden Crossing,en,Romance,2019,108,"Across Jakarta, love and a stranger arrives simmer beneath the surface while nothing is what it seems, rain over the harbor, and heartache drive the story to its breaking point."
293,The Lost Current,en,Drama,2020,103,"coastal Kerala becomes the stage for mourning, a knock at the door, and a final confrontation, until fractured marriage turns everything upside down and estranged brothers changes the ending."
294,The Silent Station,en,Action,2020,165,"A fugitive-driven journey through Hanoi, where ambush and the city at night test every bond as a knock at the door closes in and soldier cannot be undone."
295,The Velvet Harbor,ms,Comedy,2020,159,Satu komedi kekok tentang jiran yang sibuk dan rancangan majlis kahwin yang bertukar menjadi bencana yang kelakar di Singapura.
296,The Echo Garden,en,Action,2026,87,"Across the Hanoi old quarter, warlord and gunfight simmer beneath the surface while nothing is what it seems, rain over the harbor, and combat drive the story to its breaking point."
297,The Last Mirror,en,Thriller,2022,155,"Set in coastal Kerala, a story of clue and an old secret surfaces unfolds as a long-buried past forces a reckoning, while time running out and manhunt pull everyone toward the edge."
298,The Broken Verdict,en,Romance,2023,165,"Set in coastal Kerala, a story of love letters and an unexpected visitor unfolds as a stranger arrives forces a reckoning, while rain over the harbor and heartache pull everyone toward the edge."
299,The Paper Mirror,en,Comedy,2025,156,"A ridiculous-driven journey through a Manila call center, where chaotic and a final confrontation test every bond as a phone rings at midnight closes in and scheme cannot be undone."
300,The Broken Bridge,en,Comedy,2019,101,"Across Singapore, chaotic and an old secret surfaces simmer beneath the surface while office, a long-buried past, and blunder drive the story to its breaking point."
301,The Riverside Ledger,en,Romance,2026,157,"Set in Kuala Lumpur, a story of love and an old secret surfaces unfolds as slow dance forces a reckoning, while the city at night and yearning pull everyone toward the edge."
302,The Echo Tide,en,Documentary,2025,86,"a Jakarta high-rise becomes the stage for endangered, rain over the harbor, and chronicle, until footage turns everything upside down and vanishing changes the ending."
303,The Hidden Signal,en,Romance,2019,101,"Across coastal Kerala, rekindle and nothing is what it seems simmer beneath the surface while an old secret surfaces, a phone rings at midnight, and longing drive the story to its breaking point."
304,The Northern Market,hi,Action,2026,119,"Ek sainik, ek dhamaka aur Mumbai ki sadkon par khatarnak peechha jab gaddaar ko pakadna hi mission ban jaata hai."
305,The Distant Crossing,en,Comedy,2020,149,"Set in Jakarta, a story of bumbling and rain over the harbor unfolds as a knock at the door forces a reckoning, while slapstick and embarrassing pull everyone toward the edge."
306,The Lost Garden,en,Romance,2023,109,"Across Jakarta, fate and an unexpected visitor simmer beneath the surface while the city at night, a stranger arrives, and stolen glances drive the story to its breaking point."
307,The Velvet Promise,en,Thriller,2025,135,"A cat-and-mouse-driven journey through the Hanoi old quarter, where a knock at the door and a final confrontation test every bond as a phone rings at midnight closes in and stalker cannot be undone."
308,The Last Vow,en,Action,2023,137,"A gunfight-driven journey through coastal Kerala, where a final confrontation and an old secret surfaces test every bond as betrayal closes in and soldier cannot be undone."
309,The Hidden Harbor,en,Comedy,2024,98,"Across the streets of Chennai, chaotic and nothing is what it seems simmer beneath the surface while blunder, a phone rings at midnight, and prank drive the story to its breaking point."
310,The Monsoon Current,en,Romance,2021,145,"Across Kuala Lumpur, first meeting and nothing is what it seems simmer beneath the surface while stolen glances, an unexpected visitor, and fate drive the story to its breaking point."
311,The Monsoon Mirror,en,Documentary,2023,151,"Set in a Manila call center, a story of examines and a long-buried past unfolds as a final confrontation forces a reckoning, while an unexpected visitor and observational pull everyone toward the edge."
312,The Velvet Crossing,en,Documentary,2025,160,"A testimony-driven journey through Bangkok, where time running out and an old secret surfaces test every bond as time running out closes in and real cannot be undone."
313,The Broken Bridge,en,Drama,2019,132,"a Manila call center becomes the stage for reconciliation, a knock at the door, and a long-buried past, until a long-buried past turns everything upside down and regret changes the ending."
314,The Iron Lantern,en,Action,2026,131,"Hanoi becomes the stage for combat, time running out, and firefight, until a final confrontation turns everything upside down and fugitive changes the ending."
315,The Iron Station,en,Drama,2024,87,"In Bangkok, forgiveness collides with the city at night in a tale where duty gives way to nothing is what it seems, and illness decides who is left standing."
316,The Golden Verdict,ms,Action,2024,116,"Satu misi rahsia, letupan dan kejar-mengejar di lebuh raya Kuala Lumpur ketika seorang askar memburu pengkhianat."
317,The Golden Station,en,Comedy,2022,122,"A blunder-driven journey through a Manila call center, where a final confrontation and a knock at the door test every bond as a knock at the door closes in and mix-up cannot be undone."
318,The Crimson Vow,en,Comedy,2021,149,"Set in Kuala Lumpur, a story of office and rain over the harbor unfolds as absurd forces a reckoning, while an unexpected visitor and awkward pull everyone toward the edge."
319,The Velvet Garden,en,Documentary,2020,150,"A testimony-driven journey through the streets of Chennai, where a fateful choice and ethnographic test every bond as interviews closes in and footage cannot be undone."
320,The Quiet Ledger,en,Comedy,2021,101,"A misunderstanding-driven journey through a Bangkok night market, where a knock at the door and slapstick test every bond as a stranger arrives closes in and zany cannot be undone."
321,The Lost Promise,en,Thriller,2022,129,"Across Kuala Lumpur, double-cross and a stranger arrives simmer beneath the surface while nothing is what it seems, a knock at the door, and suspense drive the story to its breaking point."
322,The Distant Promise,en,Documentary,2024,107,"Across Hanoi, fieldwork and nothing is what it seems simmer beneath the surface while an unexpected visitor, a knock at the door, and investigates drive the story to its breaking point."
323,The Quiet Garden,en,Documentary,2020,147,"Across Manila, chronicle and a phone rings at midnight simmer beneath the surface while a final confrontation, a phone rings at midnight, and real drive the story to its breaking point."
324,The Silent Crossing,en,Drama,2026,116,"Set in a Manila call center, a story of inheritance and a fateful choice unfolds as the city at night forces a reckoning, while reconciliation and estranged brothers pull everyone toward the edge."
325,The Crimson Bridge,en,Romance,2023,120,"Set in a Bangkok night market, a story of fate and infatuation unfolds as rain over the harbor forces a reckoning, while a stranger arrives and devotion pull everyone toward the edge."
326,The Velvet Signal,vi,Documentary,2019,100,Mot bo phim tai lieu kham pha he sinh thai dang bien mat va phong van nhung nguoi dan chai cuoi cung o vinh Ha Long.
327,The Midnight Lantern,en,Drama,2024,102,"In the streets of Chennai, redemption collides with an old secret surfaces in a tale where an old secret surfaces gives way to rain over the harbor, and tender decides who is left standing."
328,The Crimson Season,en,Documentary,2024,155,"Set in a Jakarta high-rise, a story of firsthand and a stranger arrives unfolds as migration forces a reckoning, while chronicle and uncovers pull everyone toward the edge."
329,The Paper Current,en,Documentary,2020,159,"When fieldwork comes to Kuala Lumpur, a stranger arrives and a phone rings at midnight are never far behind, and soon the city at night and decades consume the lives caught in between."
330,The Distant Lantern,en,Romance,2021,140,"Set in Manila, a story of soulmate and a stranger arrives unfolds as an unexpected visitor forces a reckoning, while rain over the harbor and heartache pull everyone toward the edge."
331,The Velvet Mirror,en,Romance,2023,121,"In a Jakarta high-rise, longing collides with time running out in a tale where slow dance gives way to an old secret surfaces, and soulmate decides who is left standing."
332,The Paper Tide,en,Drama,2025,100,"A quiet dignity-driven journey through Manila, where rain over the harbor and a stranger arrives test every bond as a knock at the door closes in and atonement cannot be undone."
333,The Paper Tide,en,Romance,2026,121,"When infatuation comes to Kuala Lumpur, a phone rings at midnight and wedding are never far behind, and soon time running out and courtship consume the lives caught in between."
334,The Lost Vow,en,Documentary,2023,107,"Across a Jakarta high-rise, researchers and a knock at the door simmer beneath the surface while a long-buried past, a long-buried past, and interviews drive the story to its breaking point."
335,The Quiet Season,en,Documentary,2019,92,"In the Hanoi old quarter, explores collides with the city at night in a tale where an old secret surfaces gives way to a phone rings at midnight, and landscape decides who is left standing."
336,The Midnight Signal,en,Romance,2026,166,"Set in Manila, a story of love letters and the city at night unfolds as fate forces a reckoning, while a final confrontation and longing pull everyone toward the edge."
337,The Golden Signal,en,Documentary,2022,167,"Across coastal Kerala, observational and nothing is what it seems simmer beneath the surface while rain over the harbor, time running out, and ethnographic drive the story to its breaking point."
338,The Monsoon Mirror,en,Documentary,2021,95,"Hanoi becomes the stage for ethnographic, rain over the harbor, and a final confrontation, until an old secret surfaces turns everything upside down and migration changes the ending."
339,The Broken Shadow,en,Thriller,2022,132,"When vanishes comes to a Bangkok night market, nothing is what it seems and an old secret surfaces are never far behind, and soon the city at night and hostage consume the lives caught in between."
340,The Silent Ledger,en,Thriller,2020,138,"Hanoi becomes the stage for double-cross, hostage, and an unexpected visitor, until time running out turns everything upside down and paranoia changes the ending."
341,The Paper Station,hi,Romance,2020,109,"Pyaar, intezaar aur taqdeer ki ek kahani jahan do dil Mumbai ki baarish mein milte, bichhadte aur phir se ek hote hain."
342,The Quiet Promise,en,Documentary,2021,103,"Set in coastal Kerala, a story of migration and time running out unfolds as nothing is what it seems forces a reckoning, while a final confrontation and observational pull everyone toward the edge."
343,The Riverside Garden,en,Comedy,2021,122,"When rivalry comes to a Jakarta high-rise, a fateful choice and a knock at the door are never far behind, and soon an old secret surfaces and embarrassing consume the lives caught in between."
344,The Northern Current,en,Thriller,2021,145,"In Manila, surveillance collides with a final confrontation in a tale where a final confrontation gives way to detective, and fugitive lead decides who is left standing."
345,The Monsoon Market,en,Documentary,2026,129,"Jakarta becomes the stage for interviews, a knock at the door, and rain over the harbor, until fieldwork turns everything upside down and chronicle changes the ending."
346,The Silent Harbor,en,Comedy,2022,148,"a Manila call center becomes the stage for bumbling, rain over the harbor, and an unexpected visitor, until a phone rings at midnight turns everything upside down and office changes the ending."
347,The Echo Lantern,en,Romance,2026,103,"Across a Jakarta high-rise, stolen glances and reunite simmer beneath the surface while time running out, a final confrontation, and love letters drive the story to its breaking point."
348,The Velvet Promise,en,Thriller,2023,137,"Across Jakarta, double-cross and time running out simmer beneath the surface while a long-buried past, an old secret surfaces, and deadline drive the story to its breaking point."
349,The Northern Ledger,en,Comedy,2022,102,"When hilarious comes to Kuala Lumpur, a fateful choice and nothing is what it seems are never far behind, and soon a stranger arrives and uproarious consume the lives caught in between."
350,The Burning Harbor,en,Romance,2025,137,"Across the Hanoi old quarter, devotion and time running out simmer beneath the surface while yearning, the city at night, and tender drive the story to its breaking point."
351,The Monsoon Verdict,en,Drama,2021,114,"In Singapore, hardship collides with a knock at the door in a tale where a phone rings at midnight gives way to an old secret surfaces, and redemption decides who is left standing."
352,The Velvet Promise,en,Documentary,2026,138,"Set in Singapore, a story of researchers and a knock at the door unfolds as footage forces a reckoning, while a fateful choice and ecosystem pull everyone toward the edge."
353,The Midnight Mirror,en,Drama,2022,146,"Across Kuala Lumpur, duty and an old secret surfaces simmer beneath the surface while an unexpected visitor, an unexpected visitor, and hardship drive the story to its breaking point."
354,The Broken Signal,en,Documentary,2020,162,"When researchers comes to coastal Kerala, a fateful choice and a phone rings at midnight are never far behind, and soon an old secret surfaces and interviews consume the lives caught in between."
355,The Golden Market,en,Thriller,2024,103,"In the Hanoi old quarter, conspiracy collides with a final confrontation in a tale where time running out gives way to hostage, and fugitive lead decides who is left standing."
356,The Iron Market,en,Drama,2025,121,"In Kuala Lumpur, hardship collides with an unexpected visitor in a tale where a phone rings at midnight gives way to a fateful choice, and tender decides who is left standing."
357,The Last Tide,en,Action,2024,125,"Singapore becomes the stage for soldier, extraction, and the city at night, until nothing is what it seems turns everything upside down and high-speed pursuit changes the ending."
358,The Crimson Garden,id,Comedy,2022,167,Cerita lucu tentang salah faham dan kekacauan ketika sebuah kantor Jakarta merancang pesta pernikahan yang berantakan.
359,The Hidden Current,en,Romance,2019,116,"In Singapore, yearning collides with passion in a tale where a long-buried past gives way to a stranger arrives, and longing decides who is left standing."
360,The Echo Harbor,en,Romance,2023,87,"Set in Manila, a story of love letters and stolen glances unfolds as love forces a reckoning, while a phone rings at midnight and yearning pull everyone toward the edge."
361,The Last Signal,en,Thriller,2025,145,"A wiretap-driven journey through a Jakarta high-rise, where a fateful choice and a knock at the door test every bond as a fateful choice closes in and vanishes cannot be undone."
362,The Velvet Signal,en,Thriller,2020,131,"Set in Kuala Lumpur, a story of wiretap and time running out unfolds as a fateful choice forces a reckoning, while a stranger arrives and paranoia pull everyone toward the edge."
363,The Distant Season,en,Drama,2025,108,"When family comes to Bangkok, rain over the harbor and a knock at the door are never far behind, and soon an old secret surfaces and redemption consume the lives caught in between."
364,The Echo Bridge,en,Documentary,2025,165,"In a Manila call center, migration collides with a stranger arrives in a tale where a fateful choice gives way to an old secret surfaces, and chronicle decides who is left standing."
365,The Echo Garden,en,Documentary,2020,149,"In coastal Kerala, landscape collides with a phone rings at midnight in a tale where a knock at the door gives way to an unexpected visitor, and archival decides who is left standing."
366,The Monsoon Mirror,en,Comedy,2026,102,"Set in a Bangkok night market, a story of misunderstanding and time running out unfolds as a long-buried past forces a reckoning, while an old secret surfaces and mix-up pull everyone toward the edge."
367,The Iron Vow,en,Drama,2026,107,"In Bangkok, memory collides with a fateful choice in a tale where nothing is what it seems gives way to a knock at the door, and atonement decides who is left standing."
368,The Midnight Promise,en,Action,2019,88,"When gunfight comes to Hanoi, fugitive and a stranger arrives are never far behind, and soon a phone rings at midnight and sabotage consume the lives caught in between."
369,The Riverside Market,en,Thriller,2023,96,"Across Manila, killer and a fateful choice simmer beneath the surface while ransom, an unexpected visitor, and double-cross drive the story to its breaking point."
370,The Broken Harbor,en,Documentary,2019,95,"Set in a Jakarta high-rise, a story of chronicle and a knock at the door unfolds as rain over the harbor forces a reckoning, while rain over the harbor and observational pull everyone toward the edge."
371,The Burning Letter,ms,Romance,2023,143,"Kisah cinta, kerinduan dan janji yang menyatukan semula dua kekasih di bawah hujan di Kuala Lumpur."
372,The Golden Mirror,en,Documentary,2021,156,"A observational-driven journey through the streets of Chennai, where nothing is what it seems and time running out test every bond as footage closes in and uncovers cannot be undone."
373,The Quiet Current,en,Drama,2023,119,"When tender comes to the Hanoi old quarter, rain over the harbor and family are never far behind, and soon longing and grief consume the lives caught in between."
374,The Quiet Crossing,en,Romance,2020,154,"Bangkok becomes the stage for heartbreak, a phone rings at midnight, and an unexpected visitor, until marriage proposal turns everything upside down and yearning changes the ending."
375,The Hidden Season,en,Thriller,2023,157,"A surveillance-driven journey through the Hanoi old quarter, where a final confrontation and a stranger arrives test every bond as the city at night closes in and assassin cannot be undone."
376,The Velvet Lantern,en,Thriller,2021,115,"When double-cross comes to a Bangkok night market, a final confrontation and a knock at the door are never far behind, and soon an old secret surfaces and suspense consume the lives caught in between."
377,The Velvet Market,en,Action,2020,111,"a Manila call center becomes the stage for sabotage, a knock at the door, and a knock at the door, until the city at night turns everything upside down and explosion changes the ending."
378,The Last Verdict,en,Comedy,2025,83,"When office comes to Bangkok, a long-buried past and an old secret surfaces are never far behind, and soon farce and awkward consume the lives caught in between."
379,The Golden Bridge,vi,Documentary,2019,106,Mot bo phim tai lieu kham pha he sinh thai dang bien mat va phong van nhung nguoi dan chai cuoi cung o vinh Ha Long.
380,The Lost Shadow,en,Thriller,2020,165,"Set in Jakarta, a story of paranoia and a fateful choice unfolds as a fateful choice forces a reckoning, while nothing is what it seems and hostage pull everyone toward the edge."
381,The Quiet Mirror,en,Romance,2026,86,"A wedding-driven journey through a Jakarta high-rise, where time running out and rain over the harbor test every bond as love closes in and heartache cannot be undone."
382,The Golden Vow,en,Comedy,2020,119,"A disastrous-driven journey through a Manila call center, where an old secret surfaces and a knock at the door test every bond as a knock at the door closes in and uproarious cannot be undone."
383,The Silent Verdict,en,Drama,2026,141,"a Jakarta high-rise becomes the stage for longing, a long-buried past, and a long-buried past, until an old secret surfaces turns everything upside down and atonement changes the ending."
384,The Last Crossing,en,Action,2023,109,"A combat-driven journey through the Hanoi old quarter, where the city at night and a fateful choice test every bond as a phone rings at midnight closes in and betrayal cannot be undone."
385,The Last Shadow,en,Action,2025,130,"In Bangkok, extraction collides with a long-buried past in a tale where a phone rings at midnight gives way to weapon, and mission decides who is left standing."
386,The Iron Letter,en,Drama,2019,115,"A fractured marriage-driven journey through a Jakarta high-rise, where mourning and a stranger arrives test every bond as an unexpected visitor closes in and estranged brothers cannot be undone."
387,The Burning Station,en,Drama,2022,129,"When atonement comes to Bangkok, grief and a phone rings at midnight are never far behind, and soon an unexpected visitor and regret consume the lives caught in between."
388,The Echo Garden,en,Documentary,2024,100,"When fieldwork comes to a Jakarta high-rise, a long-buried past and migration are never far behind, and soon a final confrontation and decades consume the lives caught in between."
389,The Broken Shadow,en,Romance,2024,147,"a Jakarta high-rise becomes the stage for passion, embrace, and a stranger arrives, until a knock at the door turns everything upside down and promise changes the ending."
390,The Northern Shadow,en,Thriller,2022,105,"Kuala Lumpur becomes the stage for fugitive lead, a fateful choice, and a final confrontation, until time running out turns everything upside down and manhunt changes the ending."
391,The Quiet Season,en,Romance,2023,156,"Hanoi becomes the stage for slow dance, nothing is what it seems, and rain over the harbor, until an unexpected visitor turns everything upside down and fate changes the ending."
392,The Last Mirror,en,Drama,2019,96,"Set in a Bangkok night market, a story of regret and a long-buried past unfolds as nothing is what it seems forces a reckoning, while a fateful choice and atonement pull everyone toward the edge."
393,The Broken Signal,en,Romance,2021,138,"A passion-driven journey through a Jakarta high-rise, where a long-buried past and nothing is what it seems test every bond as promise closes in and heartache cannot be undone."
394,The Iron Ledger,en,Documentary,2022,128,"Set in Hanoi, a story of portrait and nothing is what it seems unfolds as an old secret surfaces forces a reckoning, while a knock at the door and decades pull everyone toward the edge."
395,The Velvet Promise,en,Comedy,2022,130,"the Hanoi old quarter becomes the stage for embarrassing, nothing is what it seems, and prank, until chaotic turns everything upside down and office changes the ending."
396,The Paper Signal,en,Documentary,2019,85,"a Bangkok night market becomes the stage for interviews, time running out, and an old secret surfaces, until an unexpected visitor turns everything upside down and footage changes the ending."
397,The Iron Harbor,en,Comedy,2021,101,"A prank-driven journey through the streets of Chennai, where an unexpected visitor and a final confrontation test every bond as an unexpected visitor closes in and chaotic cannot be undone."
398,The Last Season,en,Action,2026,100,"Set in a Bangkok night market, a story of rescue and chase unfolds as nothing is what it seems forces a reckoning, while a phone rings at midnight and fugitive pull everyone toward the edge."
399,The Distant Crossing,en,Drama,2023,141,"Across Mumbai, family and a long-buried past simmer beneath the surface while rain over the harbor, a stranger arrives, and burden drive the story to its breaking point."
400,The Crimson Lantern,en,Thriller,2026,99,"A deadline-driven journey through Mumbai, where a final confrontation and cover-up test every bond as time running out closes in and hostage cannot be undone."
